{
  "cfg": {
    "name": "baseline_bce_dice",
    "pos_weight": 50.0,
    "focal_gamma": 0.0,
    "cldice_w": 0.0
  },
  "train": {
    "dice": [
      0.6132829720909531,
      37
    ],
    "dip_pred": [
      17.38141667364772,
      37
    ],
    "dip_gt": [
      5.380261238033976,
      37
    ],
    "count_mae": [
      1.2162162162162162,
      37
    ],
    "count_bias": [
      1.2162162162162162,
      37
    ]
  },
  "test": {
    "dice": [
      0.13894395623356104,
      13
    ],
    "dip_pred": [
      40.16511357520063,
      13
    ],
    "dip_gt": [
      2.755395122681475,
      13
    ],
    "count_mae": [
      7.461538461538462,
      13
    ],
    "count_bias": [
      7.461538461538462,
      13
    ]
  }
}