{
  "cfg": {
    "name": "cldice",
    "pos_weight": 50.0,
    "focal_gamma": 0.0,
    "cldice_w": 0.5
  },
  "train": {
    "dice": [
      0.6957844012492412,
      37
    ],
    "dip_pred": [
      7.837319282553545,
      37
    ],
    "dip_gt": [
      5.380261238033976,
      37
    ],
    "count_mae": [
      0.4594594594594595,
      37
    ],
    "count_bias": [
      0.4594594594594595,
      37
    ]
  },
  "test": {
    "dice": [
      0.09337550482282844,
      13
    ],
    "dip_pred": [
      35.49966788775461,
      13
    ],
    "dip_gt": [
      2.755395122681475,
      13
    ],
    "count_mae": [
      2.8461538461538463,
      13
    ],
    "count_bias": [
      2.8461538461538463,
      13
    ]
  }
}