{
  "cfg": {
    "name": "focal_cldice",
    "pos_weight": 50.0,
    "focal_gamma": 2.0,
    "cldice_w": 0.5
  },
  "train": {
    "dice": [
      0.6298185417781005,
      37
    ],
    "dip_pred": [
      6.438698863313253,
      37
    ],
    "dip_gt": [
      5.380261238033976,
      37
    ],
    "count_mae": [
      0.7297297297297297,
      37
    ],
    "count_bias": [
      0.7297297297297297,
      37
    ]
  },
  "test": {
    "dice": [
      0.11969211411017638,
      13
    ],
    "dip_pred": [
      37.876925717799786,
      13
    ],
    "dip_gt": [
      2.755395122681475,
      13
    ],
    "count_mae": [
      4.153846153846154,
      13
    ],
    "count_bias": [
      4.153846153846154,
      13
    ]
  }
}