{
  "cfg": {
    "name": "focal",
    "pos_weight": 50.0,
    "focal_gamma": 2.0,
    "cldice_w": 0.0
  },
  "train": {
    "dice": [
      0.69613444482958,
      37
    ],
    "dip_pred": [
      7.6108378374171535,
      37
    ],
    "dip_gt": [
      5.380261238033976,
      37
    ],
    "count_mae": [
      0.4594594594594595,
      37
    ],
    "count_bias": [
      0.4594594594594595,
      37
    ]
  },
  "test": {
    "dice": [
      0.1363296818274718,
      13
    ],
    "dip_pred": [
      32.73066712128122,
      13
    ],
    "dip_gt": [
      2.755395122681475,
      13
    ],
    "count_mae": [
      3.230769230769231,
      13
    ],
    "count_bias": [
      3.230769230769231,
      13
    ]
  }
}